"idlab_estudio","nombre_completo","nombre_corto","numerico_decimal","es_numerico","es_testo","es_predefinido","es_validado","valor_de_referencia","fk_idlab_unidad","fk_idlab_grupo_estudio","sku","se_carga"
231,"ALFA1-ANTITRIPSINA","ALFA1-ANTITRIPSINA",2,t,f,f,f,"*",9,0,1003416,t
232,"CIM","CIM",2,t,f,f,f,"*",9,0,1003403,t
233,"LEISH MANIASIS IGM","LEISH MANIASIS IGM",2,t,f,f,f,"*",9,0,1003402,t
234,"LEISH MANIASIS IGG","LEISH MANIASIS IGG",2,t,f,f,f,"*",9,0,1003401,t
235,"TEST COVID-19 IGM","TEST COVID-19 IGM",2,t,f,f,f,"*",9,0,1003400,t
236,"VITAMINA C","VITAMINA C",2,t,f,f,f,"*",9,0,1003399,t
237,"HORMONA ANTIMULLERIANA","HORMONA ANTIMULLERIANA",2,t,f,f,f,"*",9,0,1003397,t
238,"PANEL BACTERIANO SNC X PCR","PANEL BACTERIANO SNC X PCR",2,t,f,f,f,"*",9,0,1003396,t
239,"AG NEISSERIA MENINGITIDIS C","AG NEISSERIA MENINGITIDIS C",2,t,f,f,f,"*",9,0,1003395,t
240,"AG NEISSERIA MENINGITIDIS A","AG NEISSERIA MENINGITIDIS A",2,t,f,f,f,"*",9,0,1003394,t
241,"PARVOVIRUS B19 IGM","PARVOVIRUS B19 IGM",2,t,f,f,f,"*",9,0,1003392,t
242,"SARS - COV - 2 ANTIGENO","SARS - COV - 2 ANTIGENO",2,t,f,f,f,"*",9,0,1003389,t
243,"BUN","BUN",2,t,f,f,f,"*",9,0,1003385,t
244,"TEST COVID-19 IGG","TEST COVID-19 IGG",2,t,f,f,f,"*",9,0,1003380,t
245,"CITOMEGALOVIRUS PCR","CITOMEGALOVIRUS PCR",2,t,f,f,f,"*",9,0,1003376,t
246,"INTERLEUCINA-6","INTERLEUCINA-6",2,t,f,f,f,"*",9,0,1003375,t
247,"TEST HISOPADO PARA COVID-19 PCR","TEST HISOPADO PARA COVID-19 PCR",2,t,f,f,f,"*",9,0,1003374,t
248,"ENZIMA CONVERTIDORA DE ANGIOTENSINA ECA","ENZIMA CONVERTIDORA DE ANGIOTENSINA ECA",2,t,f,f,f,"*",9,0,1003372,t
249,"VITAMINA B9","VITAMINA B9",2,t,f,f,f,"*",9,0,1003371,t
250,"VITAMINA B1","VITAMINA B1",2,t,f,f,f,"*",9,0,1003370,t
251,"MIOGLOBINA ORINA ESPONTANEA","MIOGLOBINA ORINA ESPONTANEA",2,t,f,f,f,"*",9,0,1003366,t
252,"IGE ESPECIFICO PARA HUEVO","IGE ESPECIFICO PARA HUEVO",2,t,f,f,f,"*",9,0,1003355,t
253,"IGE EPI PARA ASPIRINA","IGE EPI PARA ASPIRINA",2,t,f,f,f,"*",9,0,1003352,t
254,"IGE EPI PARA DICLOFENAC","IGE EPI PARA DICLOFENAC",2,t,f,f,f,"*",9,0,1003351,t
255,"IGE EPI PARA IBUPROFENO","IGE EPI PARA IBUPROFENO",2,t,f,f,f,"*",9,0,1003350,t
256,"IGF-I","IGF-I",2,t,f,f,f,"*",9,0,1003349,t
257,"GSH","GSH",2,t,f,f,f,"*",9,0,1003348,t
258,"MANGANESO","MANGANESO",2,t,f,f,f,"*",9,0,1003346,t
259,"LACTO ALBUMINA","LACTO ALBUMINA",2,t,f,f,f,"*",9,0,1003343,t
260,"CACEINA","CACEINA",2,t,f,f,f,"*",9,0,1003342,t
261,"OVOALBUMINA","OVOALBUMINA",2,t,f,f,f,"*",9,0,1003341,t
262,"REM: RECUENTO DE ESPERMATOZOIDES MOVILES","REM: RECUENTO DE ESPERMATOZOIDES MOVILES",2,t,f,f,f,"*",9,0,1003340,t
263,"ANTI PDG TIPO II (IGG)","ANTI PDG TIPO II (IGG)",2,t,f,f,f,"*",9,0,1003339,t
264,"ANTI PDG TIPO II (IGA)","ANTI PDG TIPO II (IGA)",2,t,f,f,f,"*",9,0,1003338,t
265,"FACTOR VON WILLEBRAND","FACTOR VON WILLEBRAND",2,t,f,f,f,"*",9,0,1003337,t
266,"FACTOR VIII","FACTOR VIII",2,t,f,f,f,"*",9,0,1003336,t
267,"PRUEBA DE LATEX DE LCR","PRUEBA DE LATEX DE LCR",2,t,f,f,f,"*",9,0,1003334,t
268,"HPV GEN PROS","HPV GEN PROS",2,t,f,f,f,"*",9,0,1003333,t
269,"HPV COBA","HPV COBA",2,t,f,f,f,"*",9,0,1003332,t
270,"TINTA CHINA","TINTA CHINA",2,t,f,f,f,"*",9,0,1003331,t
271,"TEST DE TZANCK","TEST DE TZANCK",2,t,f,f,f,"*",9,0,1003326,t
272,"IGE ESPECIFICO PARA HORMIGA","IGE ESPECIFICO PARA HORMIGA",2,t,f,f,f,"*",9,0,1003325,t
273,"IGE ESPECIFICO PARA ABISPA","IGE ESPECIFICO PARA ABISPA",2,t,f,f,f,"*",9,0,1003324,t
274,"IGE ESPECIFICO PARA ABEJA","IGE ESPECIFICO PARA ABEJA",2,t,f,f,f,"*",9,0,1003323,t
275,"IGE ESPECIFICO PARA MOSQUITO","IGE ESPECIFICO PARA MOSQUITO",2,t,f,f,f,"*",9,0,1003322,t
276,"PANEL DE INFECCIONES TROPICALES","PANEL DE INFECCIONES TROPICALES",2,t,f,f,f,"*",9,0,1003321,t
277,"ANTI CAPSIDE PARA VIRUS DE EPSTEIN BARR TIPO IGM","ANTI CAPSIDE PARA VIRUS DE EPSTEIN BARR TIPO IGM",2,t,f,f,f,"*",9,0,1003320,t
278,"ANTI CAPSIDE PARA VIRUS DE EPSTEIN BARR TIPO IGG","ANTI CAPSIDE PARA VIRUS DE EPSTEIN BARR TIPO IGG",2,t,f,f,f,"*",9,0,1003319,t
279,"PROTEINA S","PROTEINA S",2,t,f,f,f,"*",9,0,1003318,t
280,"METANEFRINA- ORINA 24HS","METANEFRINA- ORINA 24HS",2,t,f,f,f,"*",9,0,1003316,t
281,"SARS-COV 2 IGM","SARS-COV 2 IGM",2,t,f,f,f,"*",9,0,1003314,t
282,"SARS-COV 2 ANTICUERPOS IGG NEUTRALIZANTE ANTI RBD/SPIKE","SARS-COV 2 ANTICUERPOS IGG NEUTRALIZANTE ANTI RBD/SPIKE",2,t,f,f,f,"*",9,0,1003313,t
283,"SARS-COV 2 IGG","SARS-COV 2 IGG",2,t,f,f,f,"*",9,0,1003313,t
284,"IGE ESPECIFICO, F44 / FRUTILLA, SANGRE","IGE ESPECIFICO, F44 / FRUTILLA, SANGRE",2,t,f,f,f,"*",9,0,1003304,t
285,"IGE ESPECIFICO PROTEINAS DE LECHE DE VACA X 4(CASEINA)","IGE ESPECIFICO PROTEINAS DE LECHE DE VACA X 4(CASEINA)",2,t,f,f,f,"*",9,0,1003303,t
286,"IGE ESPECIFICO PROTEINAS LECHE DE VACA X 3","IGE ESPECIFICO PROTEINAS LECHE DE VACA X 3",2,t,f,f,f,"*",9,0,1003299,t
287,"IGE ESPECIFICO F14 SOJA","IGE ESPECIFICO F14 SOJA",2,t,f,f,f,"*",9,0,1003298,t
288,"IGE ESPECIFICO F4 TRIGO","IGE ESPECIFICO F4 TRIGO",2,t,f,f,f,"*",9,0,1003297,t
289,"IGE ESPECIFICO OP1 MEZCLA POLEN DE GRAMINEAS","IGE ESPECIFICO OP1 MEZCLA POLEN DE GRAMINEAS",2,t,f,f,f,"*",9,0,1003296,t
290,"IGE ESPECIFICO E2 EPITELIO DE GATO","IGE ESPECIFICO E2 EPITELIO DE GATO",2,t,f,f,f,"*",9,0,1003295,t
291,"IGE ESPECIFICO EPITELIO DE PERRO","IGE ESPECIFICO EPITELIO DE PERRO",2,t,f,f,f,"*",9,0,1003294,t
292,"INS - INSULINA","INS - INSULINA",2,t,f,f,f,"*",9,0,1003148,t
293,"BORDETELLA PERTUSSIS","BORDETELLA PERTUSSIS",2,t,f,f,f,"*",9,0,1003147,t
294,"VIRUS SINCITIAL RESPIRATORIO","VIRUS SINCITIAL RESPIRATORIO",2,t,f,f,f,"*",9,0,1003146,t
295,"PARVOVIRUS B19 IGG","PARVOVIRUS B19 IGG",2,t,f,f,f,"*",9,0,1003142,t
296,"CALCIURIA","CALCIURIA",2,t,f,f,f,"*",9,0,1003141,t
297,"ATP HEMOGLOBINA FETAL","ATP HEMOGLOBINA FETAL",2,t,f,f,f,"*",9,0,1003140,t
298,"SARAMPION IGM","SARAMPION IGM",2,t,f,f,f,"*",9,0,1003139,t
299,"SARAMPION IGG","SARAMPION IGG",2,t,f,f,f,"*",9,0,1003138,t
300,"PANEL RESPIRATORIO (VIRUS Y BACTERIAS)","PANEL RESPIRATORIO (VIRUS Y BACTERIAS)",2,t,f,f,f,"*",9,0,1003114,t
301,"CULTIVO PARA BAAR","CULTIVO PARA BAAR",2,t,f,f,f,"*",9,0,1003084,t
302,"HIGH SENSITIVE TROPONIN I (TNHS)","HIGH SENSITIVE TROPONIN I (TNHS)",2,t,f,f,f,"*",9,0,1003080,t
303,"HEMOSIDERINA","HEMOSIDERINA",2,t,f,f,f,"*",9,0,1003079,t
304,"SHBG GLOBULINA TRANSPORTADORA DE HORMONAS SEXUALES, SUERO","SHBG GLOBULINA TRANSPORTADORA DE HORMONAS SEXUALES, SUERO",2,t,f,f,f,"*",9,0,1003076,t
305,"EPSTEIN BAAR, ANTICUERPOS IGM ANTI VACA (EBV-VCA), SUERO","EPSTEIN BAAR, ANTICUERPOS IGM ANTI VACA (EBV-VCA), SUERO",2,t,f,f,f,"*",9,0,1003075,t
306,"EPSTEIN BAAR, ANTICUERPOS IGG ANTI VACA (EBV-VCA), SUERO","EPSTEIN BAAR, ANTICUERPOS IGG ANTI VACA (EBV-VCA), SUERO",2,t,f,f,f,"*",9,0,1003074,t
307,"ESTRIOL","ESTRIOL",2,t,f,f,f,"*",9,0,1003073,t
308,"T3 REVERSIBLE","T3 REVERSIBLE",2,t,f,f,f,"*",9,0,1003071,t
309,"VIRUS DEL PAPILOMA HUMANO","VIRUS DEL PAPILOMA HUMANO",2,t,f,f,f,"*",9,0,1003069,t
310,"VITAMINA D3 (1,25)","VITAMINA D3 (1,25)",2,t,f,f,f,"*",9,0,1003068,t
311,"FOSFATASA ACIDA TOTAL","FOSFATASA ACIDA TOTAL",2,t,f,f,f,"*",9,0,1003067,t
312,"ZIKA IGG-IGM","ZIKA IGG-IGM",2,t,f,f,f,"*",9,0,1003065,t
313,"ANTI TRAB - ANTI RECEPTOR TSH","ANTI TRAB - ANTI RECEPTOR TSH",2,t,f,f,f,"*",9,0,1003064,t
314,"MBG - ANTICUERPOS ANTI - MEMBRANA BASAL GLOMERULAR","MBG - ANTICUERPOS ANTI - MEMBRANA BASAL GLOMERULAR",2,t,f,f,f,"*",9,0,1003063,t
315,"PANEL CHIKUNGUNYA + DENGUE + ZIKA, DETECCION (PCR)","PANEL CHIKUNGUNYA + DENGUE + ZIKA, DETECCION (PCR)",2,t,f,f,f,"*",9,0,1003062,t
316,"CLOSTRIDIUM DIFFICILE","CLOSTRIDIUM DIFFICILE",2,t,f,f,f,"*",9,0,1003035,t
317,"HLA DQ2-DQ8","HLA DQ2-DQ8",2,t,f,f,f,"*",9,0,1003029,t
318,"CLORHIDRATO DE ARTICAINA","CLORHIDRATO DE ARTICAINA",2,t,f,f,f,"*",9,0,1003028,t
319,"PAPERAS IGM ANTICUERPOS","PAPERAS IGM ANTICUERPOS",2,t,f,f,f,"*",9,0,1003020,t
320,"PAPERAS IGG ANTICUERPOS","PAPERAS IGG ANTICUERPOS",2,t,f,f,f,"*",9,0,1003019,t
321,"PANEL VIRAL DE LCR","PANEL VIRAL DE LCR",2,t,f,f,f,"*",9,0,1003018,t
322,"PRE ALBUMINA","PRE ALBUMINA",2,t,f,f,f,"*",9,0,1003017,t
323,"HERPES VIRUS SIMPLEX 1 Y 2 (HSV 1 + HSV2), DETECCION","HERPES VIRUS SIMPLEX 1 Y 2 (HSV 1 + HSV2), DETECCION",2,t,f,f,f,"*",9,0,1003016,t
324,"CD 4","CD 4",2,t,f,f,f,"*",9,0,1002988,t
325,"CH 50","CH 50",2,t,f,f,f,"*",9,0,1002987,t
326,"PNEUMONIAS ATIPICAS","PNEUMONIAS ATIPICAS",2,t,f,f,f,"*",9,0,1002985,t
327,"TIROGLOBULINA","TIROGLOBULINA",2,t,f,f,f,"*",9,0,1002982,t
328,"GLUCOSA 6 FOSFATO DESHIDROGENASA G6PD","GLUCOSA 6 FOSFATO DESHIDROGENASA G6PD",2,t,f,f,f,"*",9,0,1002980,t
329,"PLOMO","PLOMO",2,t,f,f,f,"*",9,0,1002979,t
330,"YODO","YODO",2,t,f,f,f,"*",9,0,1002978,t
331,"1-25 DIHIDROXICOLECALCIFEROL","1-25 DIHIDROXICOLECALCIFEROL",2,t,f,f,f,"*",9,0,1002977,t
332,"RAST IGE LECHE DE VACA","RAST IGE LECHE DE VACA",2,t,f,f,f,"*",9,0,1002970,t
333,"BRUCELOSIS","BRUCELOSIS",2,t,f,f,f,"*",9,0,1002968,t
334,"DOSAJE DE ACIDO VANILMANDELICO","DOSAJE DE ACIDO VANILMANDELICO",2,t,f,f,f,"*",9,0,1002967,t
335,"PANEL DE INFECCIONES DE TRASMICION SEXUAL","PANEL DE INFECCIONES DE TRASMICION SEXUAL",2,t,f,f,f,"*",9,0,1002959,t
336,"NEUMONIA ATIPICA","NEUMONIA ATIPICA",2,t,f,f,f,"*",9,0,1002958,t
337,"CUERPOS LAMENARES","CUERPOS LAMENARES",2,t,f,f,f,"*",9,0,1002911,t
338,"SCREENING PARA PESTICIDAS","SCREENING PARA PESTICIDAS",2,t,f,f,f,"*",9,0,1002906,t
339,"PANEL VIRAL RESPIRATORIO","PANEL VIRAL RESPIRATORIO",2,t,f,f,f,"*",9,0,1002904,t
340,"DETECCION DE ADENOVIRUS","DETECCION DE ADENOVIRUS",2,t,f,f,f,"*",9,0,1002902,t
341,"MERCURIO","MERCURIO",2,t,f,f,f,"*",9,0,1002899,t
342,"ALUMINIO","ALUMINIO",2,t,f,f,f,"*",9,0,1002898,t
343,"CROMO","CROMO",2,t,f,f,f,"*",9,0,1002897,t
344,"GLIADINA IGA - ANTICUERPOS","GLIADINA IGA - ANTICUERPOS",2,t,f,f,f,"*",9,0,1002893,t
345,"PERFIL TIROIDEO NEONATAL","PERFIL TIROIDEO NEONATAL",2,t,f,f,f,"*",9,0,1002892,t
346,"FENITOINA","FENITOINA",2,t,f,f,f,"*",9,0,1002889,t
347,"TOX - TOXOPLASMOSIS AC IGG CUANTITATIVO","TOX - TOXOPLASMOSIS AC IGG CUANTITATIVO",2,t,f,f,f,"*",9,0,1002888,t
348,"TOX - TOXOPLASMOSIS AC IGM CUANTITATIVO","TOX - TOXOPLASMOSIS AC IGM CUANTITATIVO",2,t,f,f,f,"*",9,0,1002887,t
349,"IGE ESPECIFICO F105 CHOCOLATE","IGE ESPECIFICO F105 CHOCOLATE",2,t,f,f,f,"*",9,0,1002886,t
350,"PEPTIDO C","PEPTIDO C",2,t,f,f,f,"*",9,0,1002885,t
351,"ECHOVIRUS IGM ANTICUERPOS","ECHOVIRUS IGM ANTICUERPOS",2,t,f,f,f,"*",9,0,1002883,t
352,"17-OH PROGESTERONA","17-OH PROGESTERONA",2,t,f,f,f,"*",9,0,1002880,t
353,"VITAMINA A","VITAMINA A",2,t,f,f,f,"*",9,0,1002879,t
354,"SELENIO SERICO","SELENIO SERICO",2,t,f,f,f,"*",9,0,1002878,t
355,"VITAMINA E","VITAMINA E",2,t,f,f,f,"*",9,0,1002877,t
356,"COBRE SERICO","COBRE SERICO",2,t,f,f,f,"*",9,0,1002876,t
357,"H.TESTOSTERONA TOTAL","H.TESTOSTERONA TOTAL",2,t,f,f,f,"*",9,0,1002875,t
358,"AC - ANTICUERPOS ANTINUCLEARES","AC - ANTICUERPOS ANTINUCLEARES",2,t,f,f,f,"*",9,0,1002872,t
359,"IGE ESPECIFICO BLOMIA TROPICALIS/D5","IGE ESPECIFICO BLOMIA TROPICALIS/D5",2,t,f,f,f,"*",9,0,1002871,t
360,"IGE - ALERGENO - ESPECIFICO DE 3RA GENERACION","IGE - ALERGENO - ESPECIFICO DE 3RA GENERACION",2,t,f,f,f,"*",9,0,1002869,t
361,"PENICILINA V (PENICILLOYL V) C2","PENICILINA V (PENICILLOYL V) C2",2,t,f,f,f,"*",9,0,1002868,t
362,"ADN","ADN",2,t,f,f,f,"*",9,0,1002867,t
363,"AMOXICILINA (AMOXICILLIN) C204","AMOXICILINA (AMOXICILLIN) C204",2,t,f,f,f,"*",9,0,1002866,t
364,"PENICILINA G (PENICILLOYL G) C1","PENICILINA G (PENICILLOYL G) C1",2,t,f,f,f,"*",9,0,1002865,t
365,"CULTIVO PUNTA DE CATETER ARTERIAL","CULTIVO PUNTA DE CATETER ARTERIAL",2,t,f,f,f,"*",9,0,1002864,t
366,"DETECCION DE ENTEROVIRUS, L.C.R.","DETECCION DE ENTEROVIRUS, L.C.R.",2,t,f,f,f,"*",9,0,1002861,t
367,"STRONGYLOIDES","STRONGYLOIDES",2,t,f,f,f,"*",9,0,1002860,t
368,"BETA 2 GLICOPROTEINA I IGG ANTICUERPOS","BETA 2 GLICOPROTEINA I IGG ANTICUERPOS",2,t,f,f,f,"*",9,0,1002859,t
369,"BETA 2 GLICOPROTEINA I IGA ANTICUERPOS","BETA 2 GLICOPROTEINA I IGA ANTICUERPOS",2,t,f,f,f,"*",9,0,1002858,t
370,"SNRNP (U1-SN RNP) ANTICUERPOS","SNRNP (U1-SN RNP) ANTICUERPOS",2,t,f,f,f,"*",9,0,1002857,t
371,"ANCA-MPO IGG ANTICUERPOS (ANCA P)","ANCA-MPO IGG ANTICUERPOS (ANCA P)",2,t,f,f,f,"*",9,0,1002856,t
372,"ANCA-PR3 IGG ANTICUERPOS (ANCA C)","ANCA-PR3 IGG ANTICUERPOS (ANCA C)",2,t,f,f,f,"*",9,0,1002855,t
373,"RO-SSA ANTICUERPOS","RO-SSA ANTICUERPOS",2,t,f,f,f,"*",9,0,1002854,t
374,"JO 1 ANTICUERPOS","JO 1 ANTICUERPOS",2,t,f,f,f,"*",9,0,1002853,t
375,"INTOLERANCIA A LA LACTOSA","INTOLERANCIA A LA LACTOSA",2,t,f,f,f,"*",9,0,1002852,t
376,"LATEX PARA MENINGOCOCO","LATEX PARA MENINGOCOCO",2,t,f,f,f,"*",9,0,1002851,t
377,"LATEX PARA NEUMOCOCO","LATEX PARA NEUMOCOCO",2,t,f,f,f,"*",9,0,1002850,t
378,"INTERFEROM GAMMA (QUANTIFERON PLUS)","INTERFEROM GAMMA (QUANTIFERON PLUS)",2,t,f,f,f,"*",9,0,1002849,t
379,"LA (SS - B) ANTICUERPOS","LA (SS - B) ANTICUERPOS",2,t,f,f,f,"*",9,0,1002848,t
380,"ADA","ADA",2,t,f,f,f,"*",9,0,1002847,t
381,"FTA - ABS - AC TOTALES","FTA - ABS - AC TOTALES",2,t,f,f,f,"*",9,0,1002846,t
382,"MEZCLA DE POLVOS (HP1)","MEZCLA DE POLVOS (HP1)",2,t,f,f,f,"*",9,0,1002845,t
383,"ENDOCRINOLOGIA URINARIA","ENDOCRINOLOGIA URINARIA",2,t,f,f,f,"*",9,0,1002835,t
384,"FENOBARBITAL","FENOBARBITAL",2,t,f,f,f,"*",9,0,1002821,t
385,"IGE ESPECIFICO CLARA DE HUEVO/F1","IGE ESPECIFICO CLARA DE HUEVO/F1",2,t,f,f,f,"*",9,0,1002820,t
386,"IGE ESPECIFICO YEMA DE HUEVO/F75","IGE ESPECIFICO YEMA DE HUEVO/F75",2,t,f,f,f,"*",9,0,1002819,t
387,"IGE ESPECIFICO TOMATE/F25","IGE ESPECIFICO TOMATE/F25",2,t,f,f,f,"*",9,0,1002818,t
388,"LECHE (F2)","LECHE (F2)",2,t,f,f,f,"*",9,0,1002816,t
389,"CARIOTIPO FETAL EN LIQUIDO AMNIOTICO","CARIOTIPO FETAL EN LIQUIDO AMNIOTICO",2,t,f,f,f,"*",9,0,1002814,t
390,"COLORACION DE GRAM","COLORACION DE GRAM",2,t,f,f,f,"*",9,0,1002604,t
391,"LPA - LIPASA SERICA","LPA - LIPASA SERICA",2,t,f,f,f,"*",9,0,1002583,t
392,"HOMOCISTEINA","HOMOCISTEINA",2,t,f,f,f,"*",9,0,1002499,t
393,"SHBG - GLOBULINA FIJ DE HORMONAS SEXUALES","SHBG - GLOBULINA FIJ DE HORMONAS SEXUALES",2,t,f,f,f,"*",9,0,1002498,t
394,"E1 - ESTRONA","E1 - ESTRONA",2,t,f,f,f,"*",9,0,1002497,t
395,"DHT - DIHIDROTESTOSTERONA","DHT - DIHIDROTESTOSTERONA",2,t,f,f,f,"*",9,0,1002496,t
396,"ROTA - ADENO TEST","ROTA - ADENO TEST",2,t,f,f,f,"*",9,0,1002465,t
397,"TEST DE TOURS","TEST DE TOURS",2,t,f,f,f,"*",9,0,1002390,t
398,"ELECTROFORESIS DE PROTEINAS","ELECTROFORESIS DE PROTEINAS",2,t,f,f,f,"*",9,0,1002377,t
399,"PROTEINA IGB P3","PROTEINA IGB P3",2,t,f,f,f,"*",9,0,1002376,t
400,"STREPTOCOCCUS DEL GRUPO A - ANTIGENO","STREPTOCOCCUS DEL GRUPO A - ANTIGENO",2,t,f,f,f,"*",9,0,1002375,t
401,"TREPONEMA PALLIDUM - ANTIC. TOTALES","TREPONEMA PALLIDUM - ANTIC. TOTALES",2,t,f,f,f,"*",9,0,1002374,t
402,"FRUCTOSA (SEMEN)","FRUCTOSA (SEMEN)",2,t,f,f,f,"*",9,0,1002373,t
403,"GASOMETRIA SANGRE VENOSA","GASOMETRIA SANGRE VENOSA",2,t,f,f,f,"*",9,0,1002372,t
404,"BRRI - BILIRRUBINA INDIRECTA","BRRI - BILIRRUBINA INDIRECTA",2,t,f,f,f,"*",9,0,1002371,t
405,"BRRD - BILIRRUBINA DIRECTA","BRRD - BILIRRUBINA DIRECTA",2,t,f,f,f,"*",9,0,1002370,t
406,"ANTITROMBINA III","ANTITROMBINA III",2,t,f,f,f,"*",9,0,1002367,t
407,"PROTEINA F","PROTEINA F",2,t,f,f,f,"*",9,0,1002366,t
408,"PROTEINA C","PROTEINA C",2,t,f,f,f,"*",9,0,1002365,t
409,"HOMOS CITOSINA","HOMOS CITOSINA",2,t,f,f,f,"*",9,0,1002364,t
410,"ELECTROFORESIS DE HEMOGLOBINA","ELECTROFORESIS DE HEMOGLOBINA",2,t,f,f,f,"*",9,0,1002363,t
411,"HBC - HEPATITIS B ANTICUERPOS ANTI ANTIGENO","HBC - HEPATITIS B ANTICUERPOS ANTI ANTIGENO",2,t,f,f,f,"*",9,0,1002362,t
412,"VARICELLA ZOSTER IGM ANTICUERPOS","VARICELLA ZOSTER IGM ANTICUERPOS",2,t,f,f,f,"*",9,0,1002361,t
413,"VARICELLA ZOSTER IGG ANTICUERPOS","VARICELLA ZOSTER IGG ANTICUERPOS",2,t,f,f,f,"*",9,0,1002360,t
414,"MICROSOMAL","MICROSOMAL",2,t,f,f,f,"*",9,0,1002359,t
415,"TPM - TEST DEL PIECITO MASTER","TPM - TEST DEL PIECITO MASTER",2,t,f,f,f,"*",9,0,1002350,t
416,"TPP - TEST DEL PIECITO PLUS","TPP - TEST DEL PIECITO PLUS",2,t,f,f,f,"*",9,0,1002349,t
417,"TPA - TEST DEL PIECITO AMPLIADO","TPA - TEST DEL PIECITO AMPLIADO",2,t,f,f,f,"*",9,0,1002348,t
418,"TPB - TEST DEL PIECITO  BASICO","TPB - TEST DEL PIECITO  BASICO",2,t,f,f,f,"*",9,0,1002347,t
419,"INFLUENZA A H1N1-ANTIGENO","INFLUENZA A H1N1-ANTIGENO",2,t,f,f,f,"*",9,0,1002346,t
420,"CBZ - CARBAMAZEPINA","CBZ - CARBAMAZEPINA",2,t,f,f,f,"*",9,0,1002342,t
421,"B12 - VITAMINA B12","B12 - VITAMINA B12",2,t,f,f,f,"*",9,0,1002340,t
422,"UREAPLASMA SPP","UREAPLASMA SPP",2,t,f,f,f,"*",9,0,1002337,t
423,"TNI - TROPONINA I, CUALITATIVO","TNI - TROPONINA I, CUALITATIVO",2,t,f,f,f,"*",9,0,1002336,t
424,"TGP - TRANSAMINASA GLUTAMINASA PIRIVICA","TGP - TRANSAMINASA GLUTAMINASA PIRIVICA",2,t,f,f,f,"*",9,0,1002335,t
425,"TROPONINA I CUANTITATIVA","TROPONINA I CUANTITATIVA",2,t,f,f,f,"*",9,0,1002333,t
426,"PRUEBA DE COMPATIBILIDAD","PRUEBA DE COMPATIBILIDAD",2,t,f,f,f,"*",9,0,1002332,t
427,"ANTI-HBCII-HEPATITIS B CORE AC. TOTAL","ANTI-HBCII-HEPATITIS B CORE AC. TOTAL",2,t,f,f,f,"*",9,0,1002330,t
428,"PHS - PH EN SANGRE. TITUL. POTENCIOMETR","PHS - PH EN SANGRE. TITUL. POTENCIOMETR",2,t,f,f,f,"*",9,0,1002328,t
429,"LIT - LITIO PLASMATICO","LIT - LITIO PLASMATICO",2,t,f,f,f,"*",9,0,1002327,t
430,"DIM - DIMERO-D (CUANTITATIVA)","DIM - DIMERO-D (CUANTITATIVA)",2,t,f,f,f,"*",9,0,1002326,t
431,"TRIPLE TEST","TRIPLE TEST",2,t,f,f,f,"*",9,0,1002325,t
432,"EAB - ASIDO BASE,PH,  PCO2 BIC, E.B.","EAB - ASIDO BASE,PH,  PCO2 BIC, E.B.",2,t,f,f,f,"*",9,0,1002323,t
433,"BETA 2 GLICOPROTEINA IGG ANTICUERPOS","BETA 2 GLICOPROTEINA IGG ANTICUERPOS",2,t,f,f,f,"*",9,0,1002322,t
434,"FER - FERRITINA","FER - FERRITINA",2,t,f,f,f,"*",9,0,1002302,t
435,"FER - FERREMIA","FER - FERREMIA",2,t,f,f,f,"*",9,0,1002300,t
436,"DEH - DEHIDROEPIANDROSTERONA SULFATO SANG.","DEH - DEHIDROEPIANDROSTERONA SULFATO SANG.",2,t,f,f,f,"*",9,0,1002296,t
437,"COR-U - CORTISOL URINARIO","COR-U - CORTISOL URINARIO",2,t,f,f,f,"*",9,0,1002294,t
438,"CBI - COOMBS AGLUTININAS ANTI RH","CBI - COOMBS AGLUTININAS ANTI RH",2,t,f,f,f,"*",9,0,1002290,t
439,"C50 - COMPLEMENTO ACTIVIDAD TOTAL (CH50)","C50 - COMPLEMENTO ACTIVIDAD TOTAL (CH50)",2,t,f,f,f,"*",9,0,1002288,t
440,"RDC -  COLONIA RECUENTO DE (UROCULTIVO)","RDC -  COLONIA RECUENTO DE (UROCULTIVO)",2,t,f,f,f,"*",9,0,1002286,t
441,"DOA - DROGAS DE ABUSO","DOA - DROGAS DE ABUSO",2,t,f,f,f,"*",9,0,1002283,t
442,"MYCOPLASMA PNEUMONIAE","MYCOPLASMA PNEUMONIAE",2,t,f,f,f,"*",9,0,1002280,t
443,"TRYPANOSOMA CRUZI ANTIC. IGM","TRYPANOSOMA CRUZI ANTIC. IGM",2,t,f,f,f,"*",9,0,1002278,t
444,"TRYPANOSOMA CRUZI ANTIC. IGG","TRYPANOSOMA CRUZI ANTIC. IGG",2,t,f,f,f,"*",9,0,1002277,t
445,"CLE  - CELULAS LE","CLE  - CELULAS LE",2,t,f,f,f,"*",9,0,1002276,t
446,"C19 - CA 19-9","C19 - CA 19-9",2,t,f,f,f,"*",9,0,1002275,t
447,"C15 - CA 15-3","C15 - CA 15-3",2,t,f,f,f,"*",9,0,1002274,t
448,"C125 - CA 125","C125 - CA 125",2,t,f,f,f,"*",9,0,1002272,t
449,"IGA - INMUNOGLOBULINA A","IGA - INMUNOGLOBULINA A",2,t,f,f,f,"*",9,0,1002269,t
450,"BEN - BENZODIACEPINA","BEN - BENZODIACEPINA",2,t,f,f,f,"*",9,0,1002268,t
451,"ZND - BACILOSCOPIA DIRECTA Z.N","ZND - BACILOSCOPIA DIRECTA Z.N",2,t,f,f,f,"*",9,0,1002266,t
452,"GLO - GLOBULINAS","GLO - GLOBULINAS",2,t,f,f,f,"*",9,0,1002264,t
453,"FTA - ABS IGM","FTA - ABS IGM",2,t,f,f,f,"*",9,0,1002259,t
454,"FTA - ABS IGG","FTA - ABS IGG",2,t,f,f,f,"*",9,0,1002258,t
455,"ELECTROLITOS - ORINA","ELECTROLITOS - ORINA",2,t,f,f,f,"*",9,0,1002256,t
456,"TEST DE ALCOHOLEMIA","TEST DE ALCOHOLEMIA",2,t,f,f,f,"*",9,0,1002253,t
457,"FES - HIERRO SERICO","FES - HIERRO SERICO",2,t,f,f,f,"*",9,0,1002245,t
458,"TRANSFERRINA","TRANSFERRINA",2,t,f,f,f,"*",9,0,1002244,t
459,"BNP - PEPTIDO NATRIURETICO TIPO B","BNP - PEPTIDO NATRIURETICO TIPO B",2,t,f,f,f,"*",9,0,1002241,t
460,"ASO - ANTIESTREPTOLISILINA ""O""","ASO - ANTIESTREPTOLISILINA ""O""",2,t,f,f,f,"*",9,0,1002239,t
461,"TRANSGLUTAMINASA TISULAR IGA ANTIC.","TRANSGLUTAMINASA TISULAR IGA ANTIC.",2,t,f,f,f,"*",9,0,1002237,t
462,"ATG - ANTI TIROGLOBULINA","ATG - ANTI TIROGLOBULINA",2,t,f,f,f,"*",9,0,1002235,t
463,"ALA - ANTIC.ANTI SSB (O ANTI LA)","ALA - ANTIC.ANTI SSB (O ANTI LA)",2,t,f,f,f,"*",9,0,1002233,t
464,"ARO - ANTIC.ANTI SSA (O ANTI RO)","ARO - ANTIC.ANTI SSA (O ANTI RO)",2,t,f,f,f,"*",9,0,1002231,t
465,"ASM - ANTIC.ANTI SM (SMITH)","ASM - ANTIC.ANTI SM (SMITH)",2,t,f,f,f,"*",9,0,1002229,t
466,"DGP-PEPTIDOS DEAMINADOS DE GLIADINA IGG","DGP-PEPTIDOS DEAMINADOS DE GLIADINA IGG",2,t,f,f,f,"*",9,0,1002227,t
467,"DGP-PEPTIDOS DEAMINADOS DE GLIADINA IGA","DGP-PEPTIDOS DEAMINADOS DE GLIADINA IGA",2,t,f,f,f,"*",9,0,1002225,t
468,"GLIADINA IGG - ANTICUERPOS","GLIADINA IGG - ANTICUERPOS",2,t,f,f,f,"*",9,0,1002223,t
469,"CARDIOLIPINA IGM - ANTICUERPOS","CARDIOLIPINA IGM - ANTICUERPOS",2,t,f,f,f,"*",9,0,1002219,t
470,"CARDIOLIPINA IGG - ANTICUERPOS","CARDIOLIPINA IGG - ANTICUERPOS",2,t,f,f,f,"*",9,0,1002217,t
471,"ALR - ALDOESTERONA PLASMATICA","ALR - ALDOESTERONA PLASMATICA",2,t,f,f,f,"*",9,0,1002215,t
472,"ADDIS - RECUENTO DE","ADDIS - RECUENTO DE",2,t,f,f,f,"*",9,0,1002212,t
473,"C17 - CETOESTEROIDES NEUTRO TOT.URIN.","C17 - CETOESTEROIDES NEUTRO TOT.URIN.",2,t,f,f,f,"*",9,0,1002211,t
474,"CARDIOLIPINA IGA - ANTICUERPOS","CARDIOLIPINA IGA - ANTICUERPOS",2,t,f,f,f,"*",9,0,1002210,t
475,"OSMOLARIDAD","OSMOLARIDAD",2,t,f,f,f,"*",9,0,1002206,t
476,"BETA 2 GLICOPROTEINA IGM ANTICUERPOS","BETA 2 GLICOPROTEINA IGM ANTICUERPOS",2,t,f,f,f,"*",9,0,1002204,t
477,"FENITOINA (HIDANTOINA O DIFENILHIDANTOINA)","FENITOINA (HIDANTOINA O DIFENILHIDANTOINA)",2,t,f,f,f,"*",9,0,1002202,t
478,"MULTIPLOS ANIMALES (EX1) IGE RAST","MULTIPLOS ANIMALES (EX1) IGE RAST",2,t,f,f,f,"*",9,0,1002199,t
479,"GRAMINEAS (GX1) IGE RAST","GRAMINEAS (GX1) IGE RAST",2,t,f,f,f,"*",9,0,1002198,t
480,"CASEINA (F78) IGE RAST","CASEINA (F78) IGE RAST",2,t,f,f,f,"*",9,0,1002197,t
481,"BETA LACTOGLOBULINA (F77) IGE RAST","BETA LACTOGLOBULINA (F77) IGE RAST",2,t,f,f,f,"*",9,0,1002196,t
482,"ALFA LACTOALBUMINA (F76) IGE RAST","ALFA LACTOALBUMINA (F76) IGE RAST",2,t,f,f,f,"*",9,0,1002194,t
483,"IGE RAST - BLOMIA TROPICALIS (D201)","IGE RAST - BLOMIA TROPICALIS (D201)",2,t,f,f,f,"*",9,0,1002191,t
484,"DERMATOPHAGOIDES FARINAE (D2) IGE RAST","DERMATOPHAGOIDES FARINAE (D2) IGE RAST",2,t,f,f,f,"*",9,0,1002190,t
485,"DERMATOPHAGOIDES PTERONYSSINUS D1 IGE RAST","DERMATOPHAGOIDES PTERONYSSINUS D1 IGE RAST",2,t,f,f,f,"*",9,0,1002189,t
486,"SCL 70 AUTO ANTICUERPOS","SCL 70 AUTO ANTICUERPOS",2,t,f,f,f,"*",9,0,1002188,t
487,"DOSAJE DE LEVETIRACETAM (ANTICONVULSIVANTE)","DOSAJE DE LEVETIRACETAM (ANTICONVULSIVANTE)",2,t,f,f,f,"*",9,0,1002187,t
488,"ENDOMISIO IGA - ANTICUERPOS","ENDOMISIO IGA - ANTICUERPOS",2,t,f,f,f,"*",9,0,1002186,t
489,"NIVELES DE FENOBARBITAL","NIVELES DE FENOBARBITAL",2,t,f,f,f,"*",9,0,1002185,t
490,"MARIHUANA","MARIHUANA",2,t,f,f,f,"*",9,0,1002117,t
491,"NEISSERIA GONORRHOEAE","NEISSERIA GONORRHOEAE",2,t,f,f,f,"*",9,0,1002114,t
492,"ESTEATOCRITO HECES","ESTEATOCRITO HECES",2,t,f,f,f,"*",9,0,1002095,t
493,"IGM - INMUNOGLOBULINA M","IGM - INMUNOGLOBULINA M",2,t,f,f,f,"*",9,0,1002094,t
494,"IGG - INMUNOGLOBULINA G","IGG - INMUNOGLOBULINA G",2,t,f,f,f,"*",9,0,1002093,t
495,"ACIDO LACTICO. LACTATO","ACIDO LACTICO. LACTATO",2,t,f,f,f,"*",9,0,1002091,t
496,"PCAC - PROCALCITONINA","PCAC - PROCALCITONINA",2,t,f,f,f,"*",9,0,1002090,t
497,"TRANSGLUTAMINASA TISULAR IGG ANTIC.","TRANSGLUTAMINASA TISULAR IGG ANTIC.",2,t,f,f,f,"*",9,0,1002014,t
498,"CULTIVO NEISSERIA GONORRHOEAE","CULTIVO NEISSERIA GONORRHOEAE",2,t,f,f,f,"*",9,0,1002011,t
499,"ALFA GLICOPROTEINA ACIDA","ALFA GLICOPROTEINA ACIDA",2,t,f,f,f,"*",9,0,1001916,t
500,"RENINA PLASMATICA","RENINA PLASMATICA",2,t,f,f,f,"*",9,0,1001915,t
501,"ACTIVIDAD DE RENINA PLASMATICA","ACTIVIDAD DE RENINA PLASMATICA",2,t,f,f,f,"*",9,0,1001911,t
502,"HEPATITIS B ANTICUERPOS DE SUPERFICIE (HBS-AC)","HEPATITIS B ANTICUERPOS DE SUPERFICIE (HBS-AC)",2,t,f,f,f,"*",9,0,1001910,t
503,"HEPATITIS ANTI HBE","HEPATITIS ANTI HBE",2,t,f,f,f,"*",9,0,1001909,t
504,"TXA - TOXOPLASMA GONDII AVIDEZ","TXA - TOXOPLASMA GONDII AVIDEZ",2,t,f,f,f,"*",9,0,1001906,t
505,"PTG - PROTEINOGRAMA","PTG - PROTEINOGRAMA",2,t,f,f,f,"*",9,0,1001904,t
506,"ANDROSTENEDIONA","ANDROSTENEDIONA",2,t,f,f,f,"*",9,0,1001903,t
507,"AFP - ALFA-FETOPROTEINA","AFP - ALFA-FETOPROTEINA",2,t,f,f,f,"*",9,0,1001902,t
508,"BHCG - SUB UNIDAD BETA CUANTITATIVA","BHCG - SUB UNIDAD BETA CUANTITATIVA",2,t,f,f,f,"*",9,0,1001901,t
509,"HBE AG","HBE AG",2,t,f,f,f,"*",9,0,1001899,t
510,"HBE. AC","HBE. AC",2,t,f,f,f,"*",9,0,1001898,t
511,"TTPA - TIEMPO DE TROMBOPLASTINA PARCIAL ACTIVADA","TTPA - TIEMPO DE TROMBOPLASTINA PARCIAL ACTIVADA",2,t,f,f,f,"*",9,0,1001897,t
512,"CBD - COOMBS DIRECTA","CBD - COOMBS DIRECTA",2,t,f,f,f,"*",9,0,1001896,t
513,"ANTICOAGULANTE LUPICO","ANTICOAGULANTE LUPICO",2,t,f,f,f,"*",9,0,1001895,t
514,"RPB - MONONUCLEOSIS PAUL-BUNNEL","RPB - MONONUCLEOSIS PAUL-BUNNEL",2,t,f,f,f,"*",9,0,1001892,t
515,"MYCOPLASMA HOMINIS","MYCOPLASMA HOMINIS",2,t,f,f,f,"*",9,0,1001891,t
516,"PPD - MANTOUX INTRADERMORREACCION","PPD - MANTOUX INTRADERMORREACCION",2,t,f,f,f,"*",9,0,1001890,t
517,"PG - PROGESTERONA EN SUERO","PG - PROGESTERONA EN SUERO",2,t,f,f,f,"*",9,0,1001853,t
518,"MICROALBUMINURIA DE 24 HORAS","MICROALBUMINURIA DE 24 HORAS",2,t,f,f,f,"*",9,0,1001851,t
519,"THC (ORINA ESPONTANEA)","THC (ORINA ESPONTANEA)",2,t,f,f,f,"*",9,0,1001850,t
520,"LH - HORMONA LUTEINAZANTE","LH - HORMONA LUTEINAZANTE",2,t,f,f,f,"*",9,0,1001849,t
521,"INSU - INSULINA SERICA","INSU - INSULINA SERICA",2,t,f,f,f,"*",9,0,1001848,t
522,"HGH (HORMONA DE CRECIMIENTO)","HGH (HORMONA DE CRECIMIENTO)",2,t,f,f,f,"*",9,0,1001847,t
523,"E2 - ESTRADIOL EN SUERO","E2 - ESTRADIOL EN SUERO",2,t,f,f,f,"*",9,0,1001842,t
524,"S-DHEA - DEHIDROEPIANDROSTERONA SULFATO","S-DHEA - DEHIDROEPIANDROSTERONA SULFATO",2,t,f,f,f,"*",9,0,1001841,t
525,"COR - CORTISOL PLASMATICO","COR - CORTISOL PLASMATICO",2,t,f,f,f,"*",9,0,1001840,t
526,"PROTEINURIA ORINA ESPONTANEA","PROTEINURIA ORINA ESPONTANEA",2,t,f,f,f,"*",9,0,1001839,t
527,"CEA - ANTI CARCINOEMBRIONARIO","CEA - ANTI CARCINOEMBRIONARIO",2,t,f,f,f,"*",9,0,1001835,t
528,"ACTH HORMONA ADRENOCORTICOTROPA","ACTH HORMONA ADRENOCORTICOTROPA",2,t,f,f,f,"*",9,0,1001832,t
529,"ACIDO VANILMANDELICO ORINA DE 24 HS.","ACIDO VANILMANDELICO ORINA DE 24 HS.",2,t,f,f,f,"*",9,0,1001831,t
530,"ACIDO VALPROICO","ACIDO VALPROICO",2,t,f,f,f,"*",9,0,1001830,t
531,"ACIDO OXALICO (OXALATO) ORINA DE 24HS. VER INSTRUC.","ACIDO OXALICO (OXALATO) ORINA DE 24HS. VER INSTRUC.",2,t,f,f,f,"*",9,0,1001829,t
532,"AFO - ACIDO FOLICO","AFO - ACIDO FOLICO",2,t,f,f,f,"*",9,0,1001828,t
533,"ACIDO CITRICO (ORINA DE 24 HS) VER INSTRUCCIONES","ACIDO CITRICO (ORINA DE 24 HS) VER INSTRUCCIONES",2,t,f,f,f,"*",9,0,1001827,t
534,"17 HIDROXICORTICOSTEROIDES","17 HIDROXICORTICOSTEROIDES",2,t,f,f,f,"*",9,0,1001826,t
535,"17 CETOSTEROIDES FRACCIONADOS","17 CETOSTEROIDES FRACCIONADOS",2,t,f,f,f,"*",9,0,1001825,t
536,"CULTIVO - SECRECION VAGINAL","CULTIVO - SECRECION VAGINAL",2,t,f,f,f,"*",9,0,1001822,t
537,"EUD - SECRECION URETRAL FROTIS","EUD - SECRECION URETRAL FROTIS",2,t,f,f,f,"*",9,0,1001821,t
538,"CULTIVO - SECRECION URETRAL  Y ATB","CULTIVO - SECRECION URETRAL  Y ATB",2,t,f,f,f,"*",9,0,1001820,t
539,"CULTIVO - SECRECION PURULENTA Y ATB","CULTIVO - SECRECION PURULENTA Y ATB",2,t,f,f,f,"*",9,0,1001819,t
540,"CULTIVO - SECRECION PROSTATICA FROTIS","CULTIVO - SECRECION PROSTATICA FROTIS",2,t,f,f,f,"*",9,0,1001818,t
541,"CULTIVO - SECRECION NASAL Y ATB","CULTIVO - SECRECION NASAL Y ATB",2,t,f,f,f,"*",9,0,1001817,t
542,"ZN - ZINC SERICO","ZN - ZINC SERICO",2,t,f,f,f,"*",9,0,1001816,t
543,"CULTIVO - SECRECION VULVO VAGINAL Y ATB","CULTIVO - SECRECION VULVO VAGINAL Y ATB",2,t,f,f,f,"*",9,0,1001814,t
544,"CULTIVO - SECRECION DE OIDO Y ATB","CULTIVO - SECRECION DE OIDO Y ATB",2,t,f,f,f,"*",9,0,1001813,t
545,"CULTIVO - SECRECION  DE HERIDA","CULTIVO - SECRECION  DE HERIDA",2,t,f,f,f,"*",9,0,1001812,t
546,"CULTIVO - ORINA 1ER CHORRO Y ATB","CULTIVO - ORINA 1ER CHORRO Y ATB",2,t,f,f,f,"*",9,0,1001811,t
547,"CULTIVO - LIQUIDO PLEURAL Y ATB","CULTIVO - LIQUIDO PLEURAL Y ATB",2,t,f,f,f,"*",9,0,1001810,t
548,"CULTIVO - LIQUIDO PERITONEAL Y ATB","CULTIVO - LIQUIDO PERITONEAL Y ATB",2,t,f,f,f,"*",9,0,1001809,t
549,"CULTIVO - LIQUIDO GASTRICO Y ATB","CULTIVO - LIQUIDO GASTRICO Y ATB",2,t,f,f,f,"*",9,0,1001808,t
550,"CULTIVO - LIQUIDO ASCITICO Y ATB","CULTIVO - LIQUIDO ASCITICO Y ATB",2,t,f,f,f,"*",9,0,1001807,t
551,"CULTIVO - LIQUIDO ARTICULAR Y ATB","CULTIVO - LIQUIDO ARTICULAR Y ATB",2,t,f,f,f,"*",9,0,1001806,t
552,"CULTIVO - LIQUIDO AMNIOTICO Y ATB","CULTIVO - LIQUIDO AMNIOTICO Y ATB",2,t,f,f,f,"*",9,0,1001805,t
553,"LIQUIDO PLEURAL CITOQUIMICO","LIQUIDO PLEURAL CITOQUIMICO",2,t,f,f,f,"*",9,0,1001804,t
554,"CITOQUIMICO - LIQUIDOS BIOLOGICOS","CITOQUIMICO - LIQUIDOS BIOLOGICOS",2,t,f,f,f,"*",9,0,1001803,t
555,"LIQUIDO ARTICULAR CITOQUIMICO","LIQUIDO ARTICULAR CITOQUIMICO",2,t,f,f,f,"*",9,0,1001802,t
556,"LCR CULTIVO Y ATB","LCR CULTIVO Y ATB",2,t,f,f,f,"*",9,0,1001801,t
557,"CFR - HECES HONGOS (EX. EN FRESCO)","CFR - HECES HONGOS (EX. EN FRESCO)",2,t,f,f,f,"*",9,0,1001800,t
558,"FMF - FROTIS DE HECES","FMF - FROTIS DE HECES",2,t,f,f,f,"*",9,0,1001799,t
559,"ESPUTO - COL. DE ZIEHL NEELSEN","ESPUTO - COL. DE ZIEHL NEELSEN",2,t,f,f,f,"*",9,0,1001798,t
560,"NOUS -ESPERMOGRAMA","NOUS -ESPERMOGRAMA",2,t,f,f,f,"*",9,0,1001797,t
561,"CULTIVO - ESPERMOCULTIVO","CULTIVO - ESPERMOCULTIVO",2,t,f,f,f,"*",9,0,1001796,t
562,"CMF - COPROCULTIVO","CMF - COPROCULTIVO",2,t,f,f,f,"*",9,0,1001795,t
563,"SOM - SANGRE OCULTA","SOM - SANGRE OCULTA",2,t,f,f,f,"*",9,0,1001791,t
564,"ENDOMISIO IGM - ANTICUERPOS","ENDOMISIO IGM - ANTICUERPOS",2,t,f,f,f,"*",9,0,1001790,t
565,"LMF - LEUCOCITOS EN MATERIA FECAL","LMF - LEUCOCITOS EN MATERIA FECAL",2,t,f,f,f,"*",9,0,1001788,t
566,"PHC - HECES-HP","PHC - HECES-HP",2,t,f,f,f,"*",9,0,1001787,t
567,"PAR - HECES SIMPLE","PAR - HECES SIMPLE",2,t,f,f,f,"*",9,0,1001785,t
568,"ESTUDIO DE HECES -  BENEDICT","ESTUDIO DE HECES -  BENEDICT",2,t,f,f,f,"*",9,0,1001784,t
569,"CFR - FROTIS DE MATERIA FECAL","CFR - FROTIS DE MATERIA FECAL",2,t,f,f,f,"*",9,0,1001783,t
570,"AZUCARES REDUCTORES","AZUCARES REDUCTORES",2,t,f,f,f,"*",9,0,1001782,t
571,"ENDOMISIO IGG - ANTICUERPOS","ENDOMISIO IGG - ANTICUERPOS",2,t,f,f,f,"*",9,0,1001781,t
572,"BANDAS OLIGOCLONALES","BANDAS OLIGOCLONALES",2,t,f,f,f,"*",9,0,1001780,t
573,"ROT - ROTAVIRUS","ROT - ROTAVIRUS",2,t,f,f,f,"*",9,0,1001779,t
574,"ANTI-CCP PEPTIDO CICLICO CITRULINADO","ANTI-CCP PEPTIDO CICLICO CITRULINADO",2,t,f,f,f,"*",9,0,1001778,t
575,"ANTI RNP","ANTI RNP",2,t,f,f,f,"*",9,0,1001777,t
576,"ANTI JO","ANTI JO",2,t,f,f,f,"*",9,0,1001776,t
577,"ANTI CM","ANTI CM",2,t,f,f,f,"*",9,0,1001775,t
578,"RO - SSA ANTICUERPOS","RO - SSA ANTICUERPOS",2,t,f,f,f,"*",9,0,1001774,t
579,"ANTI CENTROMERO.","ANTI CENTROMERO.",2,t,f,f,f,"*",9,0,1001772,t
580,"CULTIVO IDENTIFICACION DE HONGOS","CULTIVO IDENTIFICACION DE HONGOS",2,t,f,f,f,"*",9,0,1001771,t
581,"NUCMM-CITOMEGALOVIRUS ANTICUERPOS IGM","NUCMM-CITOMEGALOVIRUS ANTICUERPOS IGM",2,t,f,f,f,"*",9,0,1001770,t
582,"NUCMG-CITOMEGALOVIRUS ANTICUERPOS IGG","NUCMG-CITOMEGALOVIRUS ANTICUERPOS IGG",2,t,f,f,f,"*",9,0,1001769,t
583,"NS1 -  DENGUE ANTIGENO","NS1 -  DENGUE ANTIGENO",2,t,f,f,f,"*",9,0,1001768,t
584,"DGM - DENGUE  IGG-IGM","DGM - DENGUE  IGG-IGM",2,t,f,f,f,"*",9,0,1001767,t
585,"HEPATITIS AGHBE","HEPATITIS AGHBE",2,t,f,f,f,"*",9,0,1001766,t
586,"INFLUENZA A-B-ANTIGENO","INFLUENZA A-B-ANTIGENO",2,t,f,f,f,"*",9,0,1001765,t
587,"HS1M - HERPES SIMPLE TIPO I  IGM","HS1M - HERPES SIMPLE TIPO I  IGM",2,t,f,f,f,"*",9,0,1001762,t
588,"HS1G - HERPES SIMPLE TIPO I  IGG","HS1G - HERPES SIMPLE TIPO I  IGG",2,t,f,f,f,"*",9,0,1001761,t
589,"ALDOLASA SERICA","ALDOLASA SERICA",2,t,f,f,f,"*",9,0,1001760,t
590,"HAV -  HEPATITIS A  ANTICUERPOS","HAV -  HEPATITIS A  ANTICUERPOS",2,t,f,f,f,"*",9,0,1001759,t
591,"HCV - HEPATITIS C ANTICUERPOS TOTAL","HCV - HEPATITIS C ANTICUERPOS TOTAL",2,t,f,f,f,"*",9,0,1001758,t
592,"HPY - HELICOBACTER PYLORI AC. TOTAL","HPY - HELICOBACTER PYLORI AC. TOTAL",2,t,f,f,f,"*",9,0,1001757,t
593,"CULTIVO - MICRO BACTERIOLOGICO","CULTIVO - MICRO BACTERIOLOGICO",2,t,f,f,f,"*",9,0,1001756,t
594,"HEPATITIS B CORE IGM ANTICUERPOS","HEPATITIS B CORE IGM ANTICUERPOS",2,t,f,f,f,"*",9,0,1001755,t
595,"VDRL LIQ. CEFALORRAQUIDEO","VDRL LIQ. CEFALORRAQUIDEO",2,t,f,f,f,"*",9,0,1001754,t
596,"WID - REACCION DE WIDAL","WID - REACCION DE WIDAL",2,t,f,f,f,"*",9,0,1001752,t
597,"HUD - REACCION DE HUDDLESON","HUD - REACCION DE HUDDLESON",2,t,f,f,f,"*",9,0,1001751,t
598,"RPB - MONOTEST","RPB - MONOTEST",2,t,f,f,f,"*",9,0,1001748,t
599,"KAS - POTESEMIA","KAS - POTESEMIA",2,t,f,f,f,"*",9,0,1001744,t
600,"HOW - PLASMA RECALCIFICADO-HOWELL","HOW - PLASMA RECALCIFICADO-HOWELL",2,t,f,f,f,"*",9,0,1001743,t
601,"CHI - CHAGAS","CHI - CHAGAS",2,t,f,f,f,"*",9,0,1001742,t
602,"CHLAMYDIA TRACHOMATIS IGM","CHLAMYDIA TRACHOMATIS IGM",2,t,f,f,f,"*",9,0,1001741,t
603,"ANTIGENO CHLAMYDIA T","ANTIGENO CHLAMYDIA T",2,t,f,f,f,"*",9,0,1001739,t
604,"CHLAMYDIA TRACHOMATIS IGG","CHLAMYDIA TRACHOMATIS IGG",2,t,f,f,f,"*",9,0,1001738,t
605,"RPQC - PLAQUETAS RECUENTOS","RPQC - PLAQUETAS RECUENTOS",2,t,f,f,f,"*",9,0,1001737,t
606,"DNADS - ANTICUERPOS","DNADS - ANTICUERPOS",2,t,f,f,f,"*",9,0,1001733,t
607,"FAN - ANTICUERPOS ANTI-NUCLEARES (FAN)","FAN - ANTICUERPOS ANTI-NUCLEARES (FAN)",2,t,f,f,f,"*",9,0,1001732,t
608,"URU - UREA ORINA ESPONTANEA","URU - UREA ORINA ESPONTANEA",2,t,f,f,f,"*",9,0,1001731,t
609,"NAU - SODIO (ORINA)","NAU - SODIO (ORINA)",2,t,f,f,f,"*",9,0,1001728,t
610,"NA - SODIO","NA - SODIO",2,t,f,f,f,"*",9,0,1001727,t
611,"PUR - PROTEINURIA 24HS","PUR - PROTEINURIA 24HS",2,t,f,f,f,"*",9,0,1001726,t
612,"PROTEINAS RELACION A/G","PROTEINAS RELACION A/G",2,t,f,f,f,"*",9,0,1001724,t
613,"KAU - POTASIO (ORINA)","KAU - POTASIO (ORINA)",2,t,f,f,f,"*",9,0,1001723,t
614,"MGO - MAGNESIO  (ORINA).","MGO - MAGNESIO  (ORINA).",2,t,f,f,f,"*",9,0,1001722,t
615,"LIT - LITIO","LIT - LITIO",2,t,f,f,f,"*",9,0,1001721,t
616,"LIP - LIPIDOS TOTALES","LIP - LIPIDOS TOTALES",2,t,f,f,f,"*",9,0,1001720,t
617,"MGO - MAGNESIO (ORINA)","MGO - MAGNESIO (ORINA)",2,t,f,f,f,"*",9,0,1001719,t
618,"GPP - GLUCOSA POST PRANDIAL","GPP - GLUCOSA POST PRANDIAL",2,t,f,f,f,"*",9,0,1001713,t
619,"GLO - GLUCOSA (ORINA 24 HORAS)","GLO - GLUCOSA (ORINA 24 HORAS)",2,t,f,f,f,"*",9,0,1001712,t
620,"GLU - GLUCOSA","GLU - GLUCOSA",2,t,f,f,f,"*",9,0,1001711,t
621,"PHOS - FOSFORO (ORINA)","PHOS - FOSFORO (ORINA)",2,t,f,f,f,"*",9,0,1001709,t
622,"FOL - FOSFOLIPIDOS","FOL - FOSFOLIPIDOS",2,t,f,f,f,"*",9,0,1001707,t
623,"FAL - FOSFATASA ALCALINA","FAL - FOSFATASA ALCALINA",2,t,f,f,f,"*",9,0,1001706,t
624,"FAP - FOSFATASA ACIDA PROSTATICA","FAP - FOSFATASA ACIDA PROSTATICA",2,t,f,f,f,"*",9,0,1001705,t
625,"CTG - CURVA DE GLUCEMIA  2 HS.","CTG - CURVA DE GLUCEMIA  2 HS.",2,t,f,f,f,"*",9,0,1001701,t
626,"OCR - CREATININA (ORINA)","OCR - CREATININA (ORINA)",2,t,f,f,f,"*",9,0,1001700,t
627,"CHE - COLINESTERASA","CHE - COLINESTERASA",2,t,f,f,f,"*",9,0,1001698,t
628,"VLL - COLESTEROL VLDL","VLL - COLESTEROL VLDL",2,t,f,f,f,"*",9,0,1001697,t
629,"LDL - COLESTEROL LDL","LDL - COLESTEROL LDL",2,t,f,f,f,"*",9,0,1001695,t
630,"HDL - COLESTEROL HDL","HDL - COLESTEROL HDL",2,t,f,f,f,"*",9,0,1001694,t
631,"CLORUROS (ORINA)- CLORO","CLORUROS (ORINA)- CLORO",2,t,f,f,f,"*",9,0,1001693,t
632,"CLORO (SUERO)","CLORO (SUERO)",2,t,f,f,f,"*",9,0,1001692,t
633,"CLE - CLEARANCE DE CREATININA","CLE - CLEARANCE DE CREATININA",2,t,f,f,f,"*",9,0,1001691,t
634,"CPK - CK-TOTAL","CPK - CK-TOTAL",2,t,f,f,f,"*",9,0,1001690,t
635,"CKM - CKMB","CKM - CKMB",2,t,f,f,f,"*",9,0,1001689,t
636,"CAI - CALCIO IONICO","CAI - CALCIO IONICO",2,t,f,f,f,"*",9,0,1001688,t
637,"CAO - CALCIO (ORINA)","CAO - CALCIO (ORINA)",2,t,f,f,f,"*",9,0,1001687,t
638,"BRRT - BILIRRUBINA TOTAL","BRRT - BILIRRUBINA TOTAL",2,t,f,f,f,"*",9,0,1001685,t
639,"OAM - ALFA AMILASA (ORINA)","OAM - ALFA AMILASA (ORINA)",2,t,f,f,f,"*",9,0,1001684,t
640,"URI - ACIDO URICO (ORINA)","URI - ACIDO URICO (ORINA)",2,t,f,f,f,"*",9,0,1001681,t
641,"TSA - TIEMPO DE SANGRIA","TSA - TIEMPO DE SANGRIA",2,t,f,f,f,"*",9,0,1001679,t
642,"HOW - TIEMPO DE HOWELL","HOW - TIEMPO DE HOWELL",2,t,f,f,f,"*",9,0,1001677,t
643,"TCO - TIEMPO DE COAGULACION","TCO - TIEMPO DE COAGULACION",2,t,f,f,f,"*",9,0,1001676,t
644,"TS - TIEMPO DE SANGRIA","TS - TIEMPO DE SANGRIA",2,t,f,f,f,"*",9,0,1001675,t
645,"RET - RETICULOCITOS","RET - RETICULOCITOS",2,t,f,f,f,"*",9,0,1001673,t
646,"FIB - FIBRINOGENO","FIB - FIBRINOGENO",2,t,f,f,f,"*",9,0,1001668,t
647,"ANTI  SCL70","ANTI  SCL70",2,t,f,f,f,"*",9,0,1001656,t
648,"PROTEINA M (BENCE-JONES)","PROTEINA M (BENCE-JONES)",2,t,f,f,f,"*",9,0,1001572,t
649,"PERFIL TIROIDEO","PERFIL TIROIDEO",2,t,f,f,f,"*",9,0,1001570,t
650,"PERFIL TIROIDEO LIBRE","PERFIL TIROIDEO LIBRE",2,t,f,f,f,"*",9,0,1001569,t
651,"HLA (ANTIGENO HLA B27)","HLA (ANTIGENO HLA B27)",2,t,f,f,f,"*",9,0,1001568,t
652,"PIRILYNK K-D","PIRILYNK K-D",2,t,f,f,f,"*",9,0,1001567,t
653,"MYCOBACTERIUM TUBERCULOSIS","MYCOBACTERIUM TUBERCULOSIS",2,t,f,f,f,"*",9,0,1001564,t
654,"TSH - THYROID-STIMULATING HORMONE","TSH - THYROID-STIMULATING HORMONE",2,t,f,f,f,"*",9,0,1001549,t
655,"K - POTASIO","K - POTASIO",2,t,f,f,f,"*",9,0,1001518,t
656,"INR RAZON NORMALIZADA INTERNACIONAL","INR RAZON NORMALIZADA INTERNACIONAL",2,t,f,f,f,"*",9,0,1001517,t
657,"CULTIVO - SECRECION TRAQUEAL","CULTIVO - SECRECION TRAQUEAL",2,t,f,f,f,"*",9,0,1001516,t
658,"HPYA - HELICOBACTER PYLORI ANTIC. IGA","HPYA - HELICOBACTER PYLORI ANTIC. IGA",2,t,f,f,f,"*",9,0,1001515,t
659,"CULTIVO PARA BUSQUEDA DE KPC (KCLESBSIELLA)","CULTIVO PARA BUSQUEDA DE KPC (KCLESBSIELLA)",2,t,f,f,f,"*",9,0,1001514,t
660,"CULTIVO PARA BUSQUEDA DE EVR (ENTEROCOCO VANCOMICINA RESISTENTE)","CULTIVO PARA BUSQUEDA DE EVR (ENTEROCOCO VANCOMICINA RESISTENTE)",2,t,f,f,f,"*",9,0,1001513,t
661,"CULTIVO PUNTA DE CATETER","CULTIVO PUNTA DE CATETER",2,t,f,f,f,"*",9,0,1001512,t
662,"TROPONINA I ULTRA CUANTITATIVA","TROPONINA I ULTRA CUANTITATIVA",2,t,f,f,f,"*",9,0,1001511,t
663,"CORTISOL  ( PM )","CORTISOL  ( PM )",2,t,f,f,f,"*",9,0,1001510,t
664,"HBS AG - HEPATITIS B ANTIGENO SUPERFICIE","HBS AG - HEPATITIS B ANTIGENO SUPERFICIE",2,t,f,f,f,"*",9,0,1001508,t
665,"MARCADORES","MARCADORES",2,t,f,f,f,"*",9,0,1001505,t
666,"TXG AVI","TXG AVI",2,t,f,f,f,"*",9,0,1001504,t
667,"TXM AVI","TXM AVI",2,t,f,f,f,"*",9,0,1001503,t
668,"WESTERN BLOT","WESTERN BLOT",2,t,f,f,f,"*",9,0,1001501,t
669,"NOS-RUBEOLA ANTICUERPOS IGG","NOS-RUBEOLA ANTICUERPOS IGG",2,t,f,f,f,"*",9,0,1001500,t
670,"CREATININA ORINA ESPONTANEA","CREATININA ORINA ESPONTANEA",2,t,f,f,f,"*",9,0,1001498,t
671,"CHIKUNGUNYA","CHIKUNGUNYA",2,t,f,f,f,"*",9,0,1001480,t
672,"B6 - VITAMINA B6","B6 - VITAMINA B6",2,t,f,f,f,"*",9,0,1001479,t
673,"HAPTOGLOBINA","HAPTOGLOBINA",2,t,f,f,f,"*",9,0,1001478,t
674,"ASPERGILLUS SEROLOGIA","ASPERGILLUS SEROLOGIA",2,t,f,f,f,"*",9,0,1001477,t
675,"ARTRITEST IGM","ARTRITEST IGM",2,t,f,f,f,"*",9,0,1001476,t
676,"ARTRITEST IGG","ARTRITEST IGG",2,t,f,f,f,"*",9,0,1001475,t
677,"ARTRITEST IGA","ARTRITEST IGA",2,t,f,f,f,"*",9,0,1001474,t
678,"BETA 2 MICROGLOBULINA","BETA 2 MICROGLOBULINA",2,t,f,f,f,"*",9,0,1001473,t
679,"ZINC","ZINC",2,t,f,f,f,"*",9,0,1001458,t
680,"CORTISOL  ( AM )","CORTISOL  ( AM )",2,t,f,f,f,"*",9,0,1001456,t
681,"INP - INSULINA PRE Y POST PANDRIAL","INP - INSULINA PRE Y POST PANDRIAL",2,t,f,f,f,"*",9,0,1001453,t
682,"DERIVACION DE HEMATOLOGIA","DERIVACION DE HEMATOLOGIA",2,t,f,f,f,"*",9,0,1001439,t
683,"LEISHMANIA VISCERAL ANTIC. IGM","LEISHMANIA VISCERAL ANTIC. IGM",2,t,f,f,f,"*",9,0,1001382,t
684,"HBC.AC","HBC.AC",2,t,f,f,f,"*",9,0,1001379,t
685,"CHE - PSEUDOCOLINESTERESA","CHE - PSEUDOCOLINESTERESA",2,t,f,f,f,"*",9,0,1001378,t
686,"PH - PH EN MATERIAL FECAL","PH - PH EN MATERIAL FECAL",2,t,f,f,f,"*",9,0,1001377,t
687,"CTG - GLUCEMIA CURVA DE","CTG - GLUCEMIA CURVA DE",2,t,f,f,f,"*",9,0,1001370,t
688,"HGB - HEMOGLOBINA","HGB - HEMOGLOBINA",2,t,f,f,f,"*",9,0,1001368,t
689,"RGR - GLOBULOS ROJOS RECUENTO DE","RGR - GLOBULOS ROJOS RECUENTO DE",2,t,f,f,f,"*",9,0,1001367,t
690,"RGB - GLOBULOS BLANCOS RECUENTO DE","RGB - GLOBULOS BLANCOS RECUENTO DE",2,t,f,f,f,"*",9,0,1001366,t
691,"R MOSQU - IGE ESPECIFICA VENENO MOSQUITO","R MOSQU - IGE ESPECIFICA VENENO MOSQUITO",2,t,f,f,f,"*",9,0,1001363,t
692,"R POLVO - IGE ESPECIFICA POLVO AMBIENTAL","R POLVO - IGE ESPECIFICA POLVO AMBIENTAL",2,t,f,f,f,"*",9,0,1001362,t
693,"R MANI - IGE ESPECIFICA MANI","R MANI - IGE ESPECIFICA MANI",2,t,f,f,f,"*",9,0,1001361,t
694,"IGE DERMATOPHAGOIDES PTERONYSSINUS/D1","IGE DERMATOPHAGOIDES PTERONYSSINUS/D1",2,t,f,f,f,"*",9,0,1001358,t
695,"IGE DERMATOPHAGOIDES FARINAE/D2","IGE DERMATOPHAGOIDES FARINAE/D2",2,t,f,f,f,"*",9,0,1001357,t
696,"HUD - HUDDLESSON REACCION","HUD - HUDDLESSON REACCION",2,t,f,f,f,"*",9,0,1001355,t
697,"HIV - HIV 1- HIV2 AG/AB","HIV - HIV 1- HIV2 AG/AB",2,t,f,f,f,"*",9,0,1001354,t
698,"HBS AG - HEPATITIS B SUPERFICIE CUANTIT","HBS AG - HEPATITIS B SUPERFICIE CUANTIT",2,t,f,f,f,"*",9,0,1001353,t
699,"HTO - HEMATOCRITO","HTO - HEMATOCRITO",2,t,f,f,f,"*",9,0,1001349,t
700,"HPY  - HELICOBACTER PYLORI CULTIVO","HPY  - HELICOBACTER PYLORI CULTIVO",2,t,f,f,f,"*",9,0,1001347,t
701,"HPG - HELICOBACTER PYLORI ANTICUERPOS IGG","HPG - HELICOBACTER PYLORI ANTICUERPOS IGG",2,t,f,f,f,"*",9,0,1001346,t
702,"HPM - HELICOBACTER PYLORI  ANTICUERPOS IGM","HPM - HELICOBACTER PYLORI  ANTICUERPOS IGM",2,t,f,f,f,"*",9,0,1001343,t
703,"DHEA - DEHIDROEPIANDROSTERONA","DHEA - DEHIDROEPIANDROSTERONA",2,t,f,f,f,"*",9,0,1001337,t
704,"FSH -HORMONA FOLICULOESTIMULANTE","FSH -HORMONA FOLICULOESTIMULANTE",2,t,f,f,f,"*",9,0,1001333,t
705,"ANTI-PEROXIDASA TIROIDEA (ANTI-TPO)","ANTI-PEROXIDASA TIROIDEA (ANTI-TPO)",2,t,f,f,f,"*",9,0,1001330,t
706,"AUTOANTICUERPOS IGG ANTITIROGLOBULINA","AUTOANTICUERPOS IGG ANTITIROGLOBULINA",2,t,f,f,f,"*",9,0,1001328,t
707,"TEL - TESTOSTERONA LIBRE","TEL - TESTOSTERONA LIBRE",2,t,f,f,f,"*",9,0,1001326,t
708,"ANTICUERPO PARA TBC","ANTICUERPO PARA TBC",2,t,f,f,f,"*",9,0,1001237,t
709,"ALDOLASA","ALDOLASA",2,t,f,f,f,"*",9,0,1000900,t
710,"AMONIO","AMONIO",2,t,f,f,f,"*",9,0,1000827,t
711,"CALCITONINA","CALCITONINA",2,t,f,f,f,"*",9,0,1000686,t
712,"SATURACION DE TRANSFERRINA","SATURACION DE TRANSFERRINA",2,t,f,f,f,"*",9,0,1000676,t
713,"ESTUDIOS SEROLOGICOS","ESTUDIOS SEROLOGICOS",2,t,f,f,f,"*",9,0,1000638,t
714,"SELENIO","SELENIO",2,t,f,f,f,"*",9,0,1000604,t
715,"PH - VAGINAL","PH - VAGINAL",2,t,f,f,f,"*",9,0,1000502,t
716,"EPSTEIN BARR VIRUS ANTICUERPOS  IGM","EPSTEIN BARR VIRUS ANTICUERPOS  IGM",2,t,f,f,f,"*",9,0,1000471,t
717,"ANTIFOSFOLIPIDOS IGM ANTICUERPOS","ANTIFOSFOLIPIDOS IGM ANTICUERPOS",2,t,f,f,f,"*",9,0,1000465,t
718,"EPSTEIN BARR VIRUS ANTICUERPOS  IGG","EPSTEIN BARR VIRUS ANTICUERPOS  IGG",2,t,f,f,f,"*",9,0,1000450,t
719,"RUBEOLA ANTICUERPOS IGM","RUBEOLA ANTICUERPOS IGM",2,t,f,f,f,"*",9,0,1000449,t
720,"CLAMYDIA PNEUMONEAE IGM","CLAMYDIA PNEUMONEAE IGM",2,t,f,f,f,"*",9,0,1000448,t
721,"CHLAMYDIA PNEUMONEAE IGG","CHLAMYDIA PNEUMONEAE IGG",2,t,f,f,f,"*",9,0,1000447,t
722,"MYCOPLASMA PNEUMONIAE IGM","MYCOPLASMA PNEUMONIAE IGM",2,t,f,f,f,"*",9,0,1000446,t
723,"MYCOPLASMA PNEUMONIAE IGG","MYCOPLASMA PNEUMONIAE IGG",2,t,f,f,f,"*",9,0,1000445,t
724,"ANTIGENO ADENOVIRUS","ANTIGENO ADENOVIRUS",2,t,f,f,f,"*",9,0,1000444,t
725,"ANTIFOSFOLIPIDOS IGG ANTICUERPOS","ANTIFOSFOLIPIDOS IGG ANTICUERPOS",2,t,f,f,f,"*",9,0,1000409,t
726,"R-SOJA","R-SOJA",2,t,f,f,f,"*",9,0,1000340,t
727,"R-GATO","R-GATO",2,t,f,f,f,"*",9,0,1000322,t
728,"R-PERRO","R-PERRO",2,t,f,f,f,"*",9,0,1000308,t
729,"SOMATOMEDINA C (IGF-1)","SOMATOMEDINA C (IGF-1)",2,t,f,f,f,"*",9,0,1000303,t
730,"PCR ULTRASENSIBLE","PCR ULTRASENSIBLE",2,t,f,f,f,"*",9,0,1000296,t
731,"ZING","ZING",2,t,f,f,f,"*",9,0,1000293,t
732,"ADENOVIRUS IGM","ADENOVIRUS IGM",2,t,f,f,f,"*",9,0,1000243,t
733,"ADENOVIRUS IGG","ADENOVIRUS IGG",2,t,f,f,f,"*",9,0,1000242,t
734,"25-HIDROXI VITAMINA D","25-HIDROXI VITAMINA D",2,t,f,f,f,"*",9,0,1000229,t
735,"SHBG - HORMONAS SEXUALES","SHBG - HORMONAS SEXUALES",2,t,f,f,f,"*",9,0,1000162,t
736,"PTH - HORMONA PARATIROIDEA","PTH - HORMONA PARATIROIDEA",2,t,f,f,f,"*",9,0,1000086,t
737,"BACTEROTOMIA","BACTEROTOMIA",2,t,f,f,f,"*",9,0,1000050,t
738,"ANTI HBS","ANTI HBS",2,t,f,f,f,"*",9,0,1000049,t
739,"ANTI HBE","ANTI HBE",2,t,f,f,f,"*",9,0,1000048,t
740,"COPROFUNCIONAL","COPROFUNCIONAL",2,t,f,f,f,"*",9,0,1000006,t
741,"R-CACAO","R-CACAO",2,t,f,f,f,"*",9,0,1000004,t
